relative_path,expected_cdn_url,status,suggested_action,suggested_fix
"/docs/home-report.pdf","https://d1t6lpjdsu4646.cloudfront.net/docs/home-report.pdf",200,KEEP,""
"/docs/plot.png","https://d1t6lpjdsu4646.cloudfront.net/docs/plot.png",200,KEEP,""
"/images/exterior/annex-office-389752AB.jpeg","https://d1t6lpjdsu4646.cloudfront.net/images/exterior/annex-office-389752AB.jpeg",403,CHECK_PERMISSIONS,""
"/images/exterior/exterior-from-landing-2EE3F1E1.jpeg","https://d1t6lpjdsu4646.cloudfront.net/images/exterior/exterior-from-landing-2EE3F1E1.jpeg",403,CHECK_PERMISSIONS,""
"/images/exterior/exterior-main-3b60cbff.jpg","https://d1t6lpjdsu4646.cloudfront.net/images/exterior/exterior-main-3b60cbff.jpg",200,KEEP,""
"/images/exterior/exterior-view-93b1365c.jpg","https://d1t6lpjdsu4646.cloudfront.net/images/exterior/exterior-view-93b1365c.jpg",200,KEEP,""
"/images/exterior/exterior-view-E516C44F.jpg","https://d1t6lpjdsu4646.cloudfront.net/images/exterior/exterior-view-E516C44F.jpg",200,KEEP,""
"/images/exterior/garden-centre-1200.jpg","https://d1t6lpjdsu4646.cloudfront.net/images/exterior/garden-centre-1200.jpg",200,KEEP,""
"/images/exterior/garden-centre-1200.webp","https://d1t6lpjdsu4646.cloudfront.net/images/exterior/garden-centre-1200.webp",200,KEEP,""
"/images/exterior/garden-corner-1200.jpg","https://d1t6lpjdsu4646.cloudfront.net/images/exterior/garden-corner-1200.jpg",200,KEEP,""
"/images/exterior/garden-corner-1200.webp","https://d1t6lpjdsu4646.cloudfront.net/images/exterior/garden-corner-1200.webp",200,KEEP,""
"/images/exterior/garden-lean-to-view-032D67F9.jpeg","https://d1t6lpjdsu4646.cloudfront.net/images/exterior/garden-lean-to-view-032D67F9.jpeg",403,CHECK_PERMISSIONS,""
"/images/exterior/garden-view-1.jpg","https://d1t6lpjdsu4646.cloudfront.net/images/exterior/garden-view-1.jpg",200,KEEP,""
"/images/exterior/garden-view-2.jpg","https://d1t6lpjdsu4646.cloudfront.net/images/exterior/garden-view-2.jpg",200,KEEP,""
"/images/exterior/garden-view-3.jpg","https://d1t6lpjdsu4646.cloudfront.net/images/exterior/garden-view-3.jpg",200,KEEP,""
"/images/exterior/hero-exterior-6D088E35.jpg","https://d1t6lpjdsu4646.cloudfront.net/images/exterior/hero-exterior-6D088E35.jpg",200,KEEP,""
"/images/exterior/hero-exterior-6D088E35.webp","https://d1t6lpjdsu4646.cloudfront.net/images/exterior/hero-exterior-6D088E35.webp",403,CHECK_PERMISSIONS,""
"/images/exterior/interior-room-4FED9062.jpeg","https://d1t6lpjdsu4646.cloudfront.net/images/exterior/interior-room-4FED9062.jpeg",403,CHECK_PERMISSIONS,""
"/images/exterior/property-rear-1-900A7CB2.jpeg","https://d1t6lpjdsu4646.cloudfront.net/images/exterior/property-rear-1-900A7CB2.jpeg",403,CHECK_PERMISSIONS,""
"/images/exterior/property-rear-main-DA26379D.jpeg","https://d1t6lpjdsu4646.cloudfront.net/images/exterior/property-rear-main-DA26379D.jpeg",403,CHECK_PERMISSIONS,""
"/images/exterior/street-cairnsmore-1200.jpg","https://d1t6lpjdsu4646.cloudfront.net/images/exterior/street-cairnsmore-1200.jpg",200,KEEP,""
"/images/exterior/street-cairnsmore-1200.webp","https://d1t6lpjdsu4646.cloudfront.net/images/exterior/street-cairnsmore-1200.webp",200,KEEP,""
"/images/exterior/street-left-1200.jpg","https://d1t6lpjdsu4646.cloudfront.net/images/exterior/street-left-1200.jpg",200,KEEP,""
"/images/exterior/street-left-1200.webp","https://d1t6lpjdsu4646.cloudfront.net/images/exterior/street-left-1200.webp",200,KEEP,""
"/images/interior/bathroom-360-poster.jpg","https://d1t6lpjdsu4646.cloudfront.net/images/interior/bathroom-360-poster.jpg",403,CHECK_PERMISSIONS,""
"/images/interior/bathroom/bathroom.jpg","https://d1t6lpjdsu4646.cloudfront.net/images/interior/bathroom/bathroom.jpg",200,KEEP,""
"/images/interior/bedroom-rear.jpg","https://d1t6lpjdsu4646.cloudfront.net/images/interior/bedroom-rear.jpg",403,CHECK_PERMISSIONS,""
"/images/interior/conservatory/conservatory-360-poster.jpg","https://d1t6lpjdsu4646.cloudfront.net/images/interior/conservatory/conservatory-360-poster.jpg",200,KEEP,""
"/images/interior/conservatory/conservatory-entrance-4fed9062.jpg","https://d1t6lpjdsu4646.cloudfront.net/images/interior/conservatory/conservatory-entrance-4fed9062.jpg",200,KEEP,""
"/images/interior/conservatory/conservatory-main.jpg","https://d1t6lpjdsu4646.cloudfront.net/images/interior/conservatory/conservatory-main.jpg",403,CHECK_PERMISSIONS,""
"/images/interior/conservatory/conservatory-view.jpg","https://d1t6lpjdsu4646.cloudfront.net/images/interior/conservatory/conservatory-view.jpg",403,CHECK_PERMISSIONS,""
"/images/interior/conservatory/interior-room-1E2AB29B.jpeg","https://d1t6lpjdsu4646.cloudfront.net/images/interior/conservatory/interior-room-1E2AB29B.jpeg",403,CHECK_PERMISSIONS,""
"/images/interior/conservatory/interior-room-6AC4F1C5.jpeg","https://d1t6lpjdsu4646.cloudfront.net/images/interior/conservatory/interior-room-6AC4F1C5.jpeg",403,CHECK_PERMISSIONS,""
"/images/interior/conservatory/interior-room-81D22D73.jpeg","https://d1t6lpjdsu4646.cloudfront.net/images/interior/conservatory/interior-room-81D22D73.jpeg",403,CHECK_PERMISSIONS,""
"/images/interior/downstairs-wc/interior-room-E330D39C.jpeg","https://d1t6lpjdsu4646.cloudfront.net/images/interior/downstairs-wc/interior-room-E330D39C.jpeg",403,CHECK_PERMISSIONS,""
"/images/interior/front-bedroom-360-poster.jpg","https://d1t6lpjdsu4646.cloudfront.net/images/interior/front-bedroom-360-poster.jpg",403,CHECK_PERMISSIONS,""
"/images/interior/interior-main-19D500CE.jpeg","https://d1t6lpjdsu4646.cloudfront.net/images/interior/interior-main-19D500CE.jpeg",403,CHECK_PERMISSIONS,""
"/images/interior/interior-main-9A07279B.jpeg","https://d1t6lpjdsu4646.cloudfront.net/images/interior/interior-main-9A07279B.jpeg",403,CHECK_PERMISSIONS,""
"/images/interior/kitchen-360-poster.jpg","https://d1t6lpjdsu4646.cloudfront.net/images/interior/kitchen-360-poster.jpg",403,CHECK_PERMISSIONS,""
"/images/interior/kitchen/interior-detail-D9D61891.jpeg","https://d1t6lpjdsu4646.cloudfront.net/images/interior/kitchen/interior-detail-D9D61891.jpeg",403,CHECK_PERMISSIONS,""
"/images/interior/kitchen/interior-room-0DC5EADA.jpeg","https://d1t6lpjdsu4646.cloudfront.net/images/interior/kitchen/interior-room-0DC5EADA.jpeg",403,CHECK_PERMISSIONS,""
"/images/interior/kitchen/kitchen-1.jpg","https://d1t6lpjdsu4646.cloudfront.net/images/interior/kitchen/kitchen-1.jpg",200,KEEP,""
"/images/interior/kitchen/kitchen-2.jpg","https://d1t6lpjdsu4646.cloudfront.net/images/interior/kitchen/kitchen-2.jpg",200,KEEP,""
"/images/interior/kitchen/kitchen-4.jpg","https://d1t6lpjdsu4646.cloudfront.net/images/interior/kitchen/kitchen-4.jpg",200,KEEP,""
"/images/interior/kitchen/kitchen-detail-1B21C73B.jpeg","https://d1t6lpjdsu4646.cloudfront.net/images/interior/kitchen/kitchen-detail-1B21C73B.jpeg",403,CHECK_PERMISSIONS,""
"/images/interior/kitchen/kitchen-workspace.jpg","https://d1t6lpjdsu4646.cloudfront.net/images/interior/kitchen/kitchen-workspace.jpg",403,CHECK_PERMISSIONS,""
"/images/interior/lounge/interior-room-6D088E35.jpeg","https://d1t6lpjdsu4646.cloudfront.net/images/interior/lounge/interior-room-6D088E35.jpeg",403,CHECK_PERMISSIONS,""
"/images/interior/lounge/interior-room-800F4A11.jpeg","https://d1t6lpjdsu4646.cloudfront.net/images/interior/lounge/interior-room-800F4A11.jpeg",403,CHECK_PERMISSIONS,""
"/images/interior/lounge/lounge-360-poster.jpg","https://d1t6lpjdsu4646.cloudfront.net/images/interior/lounge/lounge-360-poster.jpg",200,KEEP,""
"/images/interior/lounge/lounge-fireplace.jpg","https://d1t6lpjdsu4646.cloudfront.net/images/interior/lounge/lounge-fireplace.jpg",403,CHECK_PERMISSIONS,""
"/images/interior/lounge/lounge-main.jpg","https://d1t6lpjdsu4646.cloudfront.net/images/interior/lounge/lounge-main.jpg",403,CHECK_PERMISSIONS,""
"/images/interior/lounge/lounge-workspace-32a352bb.jpg","https://d1t6lpjdsu4646.cloudfront.net/images/interior/lounge/lounge-workspace-32a352bb.jpg",200,KEEP,""
"/images/interior/master-bedroom-1.jpg","https://d1t6lpjdsu4646.cloudfront.net/images/interior/master-bedroom-1.jpg",403,CHECK_PERMISSIONS,""
"/images/interior/master-bedroom-2.jpg","https://d1t6lpjdsu4646.cloudfront.net/images/interior/master-bedroom-2.jpg",403,CHECK_PERMISSIONS,""
"/images/interior/master-bedroom-3.jpg","https://d1t6lpjdsu4646.cloudfront.net/images/interior/master-bedroom-3.jpg",403,CHECK_PERMISSIONS,""
"/images/interior/master-bedroom-360-poster.jpg","https://d1t6lpjdsu4646.cloudfront.net/images/interior/master-bedroom-360-poster.jpg",403,CHECK_PERMISSIONS,""
"/images/interior/rear-bedroom-360-poster.jpg","https://d1t6lpjdsu4646.cloudfront.net/images/interior/rear-bedroom-360-poster.jpg",403,CHECK_PERMISSIONS,""
"/images/interior/utility/interior-room-A55A6AE6.jpeg","https://d1t6lpjdsu4646.cloudfront.net/images/interior/utility/interior-room-A55A6AE6.jpeg",403,CHECK_PERMISSIONS,""
"/images/interior/view-front-bedroom-1200.jpg","https://d1t6lpjdsu4646.cloudfront.net/images/interior/view-front-bedroom-1200.jpg",403,CHECK_PERMISSIONS,""
"/images/interior/view-front-bedroom-1200.webp","https://d1t6lpjdsu4646.cloudfront.net/images/interior/view-front-bedroom-1200.webp",403,CHECK_PERMISSIONS,""
"/images/interior/view-hallway-1200.jpg","https://d1t6lpjdsu4646.cloudfront.net/images/interior/view-hallway-1200.jpg",403,CHECK_PERMISSIONS,""
"/images/interior/view-hallway-1200.webp","https://d1t6lpjdsu4646.cloudfront.net/images/interior/view-hallway-1200.webp",403,CHECK_PERMISSIONS,""
"/images/interior/zen-room/zen-room-main-B90E9E42.jpg","https://d1t6lpjdsu4646.cloudfront.net/images/interior/zen-room/zen-room-main-B90E9E42.jpg",200,KEEP,""
"/images/interior/zen-room/zen-room-main.jpg","https://d1t6lpjdsu4646.cloudfront.net/images/interior/zen-room/zen-room-main.jpg",403,CHECK_PERMISSIONS,""
"/images/locations/cairnsmore.jpg","https://d1t6lpjdsu4646.cloudfront.net/images/locations/cairnsmore.jpg",200,KEEP,""
"/images/locations/castle-cary-pools.avif","https://d1t6lpjdsu4646.cloudfront.net/images/locations/castle-cary-pools.avif",200,KEEP,""
"/images/locations/ellangowan.jpg","https://d1t6lpjdsu4646.cloudfront.net/images/locations/ellangowan.jpg",200,KEEP,""
"/images/locations/gem_rock.jpg","https://d1t6lpjdsu4646.cloudfront.net/images/locations/gem_rock.jpg",403,CHECK_PERMISSIONS,""
"/images/locations/heritage_museum.jpg","https://d1t6lpjdsu4646.cloudfront.net/images/locations/heritage_museum.jpg",403,CHECK_PERMISSIONS,""
"/images/locations/kirroughtree.jpg","https://d1t6lpjdsu4646.cloudfront.net/images/locations/kirroughtree.jpg",200,KEEP,""
"/images/locations/mossyard.jpg","https://d1t6lpjdsu4646.cloudfront.net/images/locations/mossyard.jpg",200,KEEP,""
"/images/locations/the-laird-s-inn.jpg","https://d1t6lpjdsu4646.cloudfront.net/images/locations/the-laird-s-inn.jpg",200,KEEP,""
"/images/panos/back-bedroom-pano.jpg","https://d1t6lpjdsu4646.cloudfront.net/images/panos/back-bedroom-pano.jpg",200,KEEP,""
"/images/panos/back-bedroom-pano.webp","https://d1t6lpjdsu4646.cloudfront.net/images/panos/back-bedroom-pano.webp",200,KEEP,""
"/images/panos/bathroom-pano.jpg","https://d1t6lpjdsu4646.cloudfront.net/images/panos/bathroom-pano.jpg",200,KEEP,""
"/images/panos/bathroom-pano.webp","https://d1t6lpjdsu4646.cloudfront.net/images/panos/bathroom-pano.webp",200,KEEP,""
"/images/panos/drive-bottom-exterior-view.jpg","https://d1t6lpjdsu4646.cloudfront.net/images/panos/drive-bottom-exterior-view.jpg",200,KEEP,""
"/images/panos/front-bedroom-pano.jpg","https://d1t6lpjdsu4646.cloudfront.net/images/panos/front-bedroom-pano.jpg",200,KEEP,""
"/images/panos/front-bedroom-pano.webp","https://d1t6lpjdsu4646.cloudfront.net/images/panos/front-bedroom-pano.webp",200,KEEP,""
"/images/panos/garden-1-exterior-view.jpg","https://d1t6lpjdsu4646.cloudfront.net/images/panos/garden-1-exterior-view.jpg",200,KEEP,""
"/images/panos/garden-4-exterior-view.jpg","https://d1t6lpjdsu4646.cloudfront.net/images/panos/garden-4-exterior-view.jpg",200,KEEP,""
"/images/panos/garden-central-exterior-view.jpg","https://d1t6lpjdsu4646.cloudfront.net/images/panos/garden-central-exterior-view.jpg",200,KEEP,""
"/images/panos/hallway-pano.jpg","https://d1t6lpjdsu4646.cloudfront.net/images/panos/hallway-pano.jpg",200,KEEP,""
"/images/panos/hallway-pano.webp","https://d1t6lpjdsu4646.cloudfront.net/images/panos/hallway-pano.webp",200,KEEP,""
"/images/panos/interior-living-panoramic.jpg","https://d1t6lpjdsu4646.cloudfront.net/images/panos/interior-living-panoramic.jpg",200,KEEP,""
"/images/panos/lounge-pano.jpg","https://d1t6lpjdsu4646.cloudfront.net/images/panos/lounge-pano.jpg",200,KEEP,""
"/images/panos/lounge-pano.webp","https://d1t6lpjdsu4646.cloudfront.net/images/panos/lounge-pano.webp",200,KEEP,""
"/images/panos/master-bedroom-pano.jpg","https://d1t6lpjdsu4646.cloudfront.net/images/panos/master-bedroom-pano.jpg",200,KEEP,""
"/images/panos/steps-pano.jpg","https://d1t6lpjdsu4646.cloudfront.net/images/panos/steps-pano.jpg",200,KEEP,""
"/images/panos/steps-pano.webp","https://d1t6lpjdsu4646.cloudfront.net/images/panos/steps-pano.webp",200,KEEP,""
"/videos/b4a/b4a-1080p.mp4","https://d1t6lpjdsu4646.cloudfront.net/videos/b4a/b4a-1080p.mp4",200,KEEP,""
"/videos/b4a/b4a-1080p.webm","https://d1t6lpjdsu4646.cloudfront.net/videos/b4a/b4a-1080p.webm",200,KEEP,""
"/videos/b4a/b4a-2160p.mp4","https://d1t6lpjdsu4646.cloudfront.net/videos/b4a/b4a-2160p.mp4",200,KEEP,""
"/videos/b4a/b4a-poster.jpg","https://d1t6lpjdsu4646.cloudfront.net/videos/b4a/b4a-poster.jpg",200,KEEP,""
"/videos/b4a/hls/master.m3u8","https://d1t6lpjdsu4646.cloudfront.net/videos/b4a/hls/master.m3u8",200,KEEP,""
"/videos/interior/360-master-bedroom-1-interior.mp4","https://d1t6lpjdsu4646.cloudfront.net/videos/interior/360-master-bedroom-1-interior.mp4",200,KEEP,""
"/videos/interior/360-master-bedroom-1-interior.webm","https://d1t6lpjdsu4646.cloudfront.net/videos/interior/360-master-bedroom-1-interior.webm",200,KEEP,""
"/videos/interior/bathroom-360.mp4","https://d1t6lpjdsu4646.cloudfront.net/videos/interior/bathroom-360.mp4",200,KEEP,""
"/videos/interior/bathroom-360.webm","https://d1t6lpjdsu4646.cloudfront.net/videos/interior/bathroom-360.webm",200,KEEP,""
"/videos/interior/conservatory-360.mp4","https://d1t6lpjdsu4646.cloudfront.net/videos/interior/conservatory-360.mp4",200,KEEP,""
"/videos/interior/conservatory-360.webm","https://d1t6lpjdsu4646.cloudfront.net/videos/interior/conservatory-360.webm",200,KEEP,""
"/videos/interior/front-bedroom-360.mp4","https://d1t6lpjdsu4646.cloudfront.net/videos/interior/front-bedroom-360.mp4",200,KEEP,""
"/videos/interior/front-bedroom-360.webm","https://d1t6lpjdsu4646.cloudfront.net/videos/interior/front-bedroom-360.webm",200,KEEP,""
"/videos/interior/kitchen-360.mp4","https://d1t6lpjdsu4646.cloudfront.net/videos/interior/kitchen-360.mp4",200,KEEP,""
"/videos/interior/kitchen-360.webm","https://d1t6lpjdsu4646.cloudfront.net/videos/interior/kitchen-360.webm",200,KEEP,""
"/videos/interior/lounge-360.mp4","https://d1t6lpjdsu4646.cloudfront.net/videos/interior/lounge-360.mp4",200,KEEP,""
"/videos/interior/lounge-360.webm","https://d1t6lpjdsu4646.cloudfront.net/videos/interior/lounge-360.webm",200,KEEP,""
"/videos/interior/rear-bedroom-360.mp4","https://d1t6lpjdsu4646.cloudfront.net/videos/interior/rear-bedroom-360.mp4",200,KEEP,""
"/videos/interior/rear-bedroom-360.webm","https://d1t6lpjdsu4646.cloudfront.net/videos/interior/rear-bedroom-360.webm",200,KEEP,""
